,subject,timepoint,event,region,signal
0,s13,18,stim,parietal,-0.017551581538
1,s5,14,stim,parietal,-0.0808829319505
2,s12,18,stim,parietal,-0.0810330187333
3,s11,18,stim,parietal,-0.04613439017519999
4,s10,18,stim,parietal,-0.037970203264199996
5,s9,18,stim,parietal,-0.10351309616
6,s8,18,stim,parietal,-0.0644081947232
7,s7,18,stim,parietal,-0.0605262017124
8,s6,18,stim,parietal,-0.00702856091007
9,s5,18,stim,parietal,-0.0405568546157
